lekha-romanov-2004,151603712
joshuabarina,187131847
darkem89,59945701
Mr.Banana,53875128
南麓,234941318
dick60308,140954425
ω€ŁŁвØ¥ ρяØвŁ€мǺ™,26122540
meteorrituzz,176410694
1372024666,197278511
SirGold,150128162
索尔萨克,197455089
tengbingsong00,63024728
?,297811211
NooBieE!,76933274
情獸,218323237
?,302186258
?,126340495
?,256193015
noreply,194895541
didier.larnicol,30007387
Fate,170625356
ṧℌ@ḯḟüʟ,159538705
sean072905,167362888
stefano.nadur,208649703
?,299889828
UDE.rocks Bot,225987202
wowuw,195071563
?,254906420
?,247160953
?,308653033
faithcabornay,144138643
爱丿旭,197902002
malletkhc,97298878
ledodolores0901,173909336
2900935235,198572546
*****force,219509107
GreysScale,202906503
julliancervilla,92107940
?,251431515
KBT Martin,233558010
jokeringtv,99189757
RedFront,30695285
?,259648553
麦刀乐,201069271
metalsotiris,48845802
下达！,226212066
punspeedcube,221430493
bot #06929,62923086
?,250006052
SHOT Kokito [S]OD,65117175
1036637878,227944885
funcluboffun,144004384
120396558,236557903
Player,11373749
olenka_golubeva_71,140293612
doudoureal883,187851224
白丁,192921532
Bryan Mellow,54103616
2375222096,222277839
?,298547051
?,264253640
<BLANK>,125718844
caydameledi1963,230599183
?,280061602
ben.dvinov,38763767
nethersmokerone,164543231
GUECUPULOHINA!,211277578
SandiaSempai,214167822
77183488,163617342
?,295931968
vovakhomuttovski,196354657
danicamlo2222,165034415
?,298389371
hom.zen,27543430
?,126640783
?,119410870
1712668440,243440565
4kmumr,157694162
?,154868247
?,263856756
?,124395695
?,126656629
zacklander69,197821092
?,294797577
1311140511,228507886
?,272425320
tanuhin84,49769103
amaraiman3571,202742019
2234159112,239397807
?,65758675
764283868,239921853
?,300601393
?,109278470
Commando 40,197509386
Zero777,92842632
ksk53700,103973922
?,5270060
WanMei,171847029
?,111479516
k3ncow,64350600
yangyang_shuaishuai,117217039
hkn-006,208164637
A$VP Fuzzy,93085014
cyanide.and.bleach.please,180331040
andreigiadihev023,180596443
?,303032390
hsnbasaran91,150103338
?,289573472
zShxlly,92173524
vixfix,151229648
?,253773352
?,250870371
baptistejames81,243036117
595444111,175143479
m7md,56038151
?,124884511
daftcom,148928721
datukaimahadali,150965343
sam.k.stone,46759859
?,268158408
?,257377008
?,133262375
Aley_YT,202092286
?,136554467
dArinvint,185040259
?,287943546
RWBYwolf,136246724
milton.scd,189191657
2357424816,235076531
Энви - топ,41917762
xKakasoulx,57234698
kaichung115,198201128
?,307949159
Shelldor95,55446861
wisks_server,2428602
123,104077418
?,252438345
friends.for.everythingz,164927653
?,272820556
dan106cq,9544834
?,287061478
justaddicted,32592631
dougyfresh,57103808
zaygyi54,215578265
352138510,197172884
giulilancioni,242349023
ЗУБЕНКО МИША,99609673
Uber,63276972
muhamadbariki123,183005527
clarycurtis,92342574
?,255168531
Katherine5s,87445402
?,248613483
?,306860604
?,107948398
吓老子一跳,84668956
clearbluerock,226130045
1473452944,145904806
shaavik,164591420
sebaa_locoo,171982044
raducuradu78,187533357
sagadeev_2001,94088853
kmemller,48058475
ROTK强！ 无敌！！,170095814
q2774260588,212751581
?,301883131
jolue96,31887051
adavictoriamartins,116085629
?,106238372
ermakov0696,217834203
brunder,202395275
?,248444377
Kenny,25941262
Sexgrave,148510973
fleshflaps,64369759
?,289893544
Incognito,223471406
Justin,223827574
javieonplayz,210778610
xWesten cheats.dota2.ru,116407650
?,125699277
ГладенькиЙ,173857208
,@,e,9823354
?,304467587
z3b1bpo9,165269326
KALED,226033921
abhishekbca26,232064401
almas_115,141593973
keviniuslp,174965596
jayash100482,100519466
?,107886872
aayush1886,153415214
fakeral349874,180789959
111,236160325
jorgecesaro32,236541446
920580235,155997063
ka1l4r58a,168031436
God Of Zeus™,169358223
PaPazRiçHırT,181269219
cjd*******384907,162543176
timodegroot2000,95898619
honchow2053,185685666
?,308280913
popi_hanoi,69857045
mikajind,215492239
simonsson,16167221
aabaga,19586574
2654583851,200759485
saladbarmike,82792088
娄底站小姐找全套服务,153290864
cyac05120,213909719
kalbim2461,219446813
Akaashi,41883322
?,260269555
Dodong™,186333740
M,237047627
ardalakdim2005,142004534
?,307663333
petr-petechka-petrov-2014-petro,99017037
cataliseya,170491009
Falenget,195459356
aleks_55583,30280104
MaNu MaNu,227153589
aom_cub009,64365339
tmforever59,103669953
weavin,103360
?,299670894
1121653468,237275985
Slim Shady,178709401
leonardocuellar371,198156213
ewhyte467,190231757
reecemc,76216184
mastow,96674283
641098584,212284721
?,20321898
Herr der Ringe,48239695
pavova99,207216516
573021577,201512283
?,293463755
My™,131227694
630787707,201697182
S4m,150751526
京华小学第一上单,241208825
?,249165768
jonsito_grone,124462762
小、吖,239478937
gitarrenschule-pahl,83851086
laralarala,145658798
suatilhan52,210669058
lekinholyrio14,130280718
1464653832,81569401
sfdfsdfdd,186996848
AppLeJuICE,108601099
likean2000,108560573
Hair,89161051
?,287706524
yczxwz,65716118
321,144004666
dorkasfire,58237510
SR.ruBy,113308351
karinamendes1001,200538601
?,303326013
STARSEEKER,154210162
Miko,146463817
?,303693006
laza123xd,98152188
nc32052210zhao,231450817
kamizane_z,162649407
doomass,229467150
?,246892835
?,288856904
DuHast,75228114
Nyddeee,36553207
Steve Holt!,70165453
izgatoo,143693450
Quân,139955299
?,136021775
cpassiopoulos,39446138
v4c_p0rn1323575,211404615
AfreecaTV-Leasard,215540943
kemica11,81743539
?,128790593
kmarsh1369,198346312
?,155182551
kahdsna,169218314
?,252016836
Needfor,97913360
?,124777563
mak.s.i.m15.s.he.rbi.nin,217268143
GUITARFREAK_ZA,88919723
wishmaster27985,26802825
Conboy,115436501
bednaa cz,27117407
www.fapun,76684659
guyanchao2007,78332414
?,291151096
北京西坝河找小姐全套,130201800
BIG-_-SAM,88585138
keksastuc,154671192
love_kills789,139352395
comovas458,143459727
pacoyseis,42681063
bhabyko.gomes18,169337011
?,260118401
genematysik,201445671
wj25725433222,24932641
guitarmantommy,244273527
gunx,193987636
729402548,242549338
meyson20012103,209729995
情况不对转头撤退,71082079
tatum2546,212521878
Abennett1208,184620989
crystalsama,242199141
hnh0986fmxg,166705920
ctxd1ivt4,228302915
craigfergusonxd,64315060
wildan,246056879
zReavexMrtopz,154406815
facu_contreras066,141037251
380291996,74154832
?,298979438
DzarKeoDeN,149318464
[RU]Петрович,29835809
ulises_chacoma,174813416
dominika,42928788
?,269437356
sorcier2222,61444633
?,298519243
Lest Ate. P,25096601
Valhalla_MPierro,120377800
暴力机车手,233160273
tiantiantianqing,42642155
insp3ctoru,33591806
mikegattoc,157397663
anthonyalvarez0929,234024191
adam.46.welsh,88735140
911,115003799
Exsomniac,57866383
zxcvbbn77,168845004
literallyjustsavannah,144347801
?,112590296
rost012404,209193781
josejaviernovoa,14433556
katalive,42061089
maciyud,158267574
?,307239317
ferreira.marco1990,62654923
district.cooperation,56256991
心跳,86338111
rodol_95,67923337
erenmeydanolu,149501464
donorr71,74232403
?,305808638
whiteid1999,83978676
jurikim156,82235763
richard_villacencio,146682210
?,300645203
wildhockeyfans,211925330
RedMist,178717672
mysteryvan,218354629
?,288854118
tibogatyii4833,189822258
ezio082,194791978
Eftgenie the Awesome,34150817
bords'EsDEATH,202949952
?,130954987
?,108877388
quarysum,214366018
583091362,72576293
青__,179686274
SloW_EyoT,227083521
nicolasmaury950,236775073
?,286701848
?,253983004
t.wienholz93,162582760
timucin_binici,112994491
ERROR#666,85614332
DaniLcka1,211760999
Lil Akame,216653925
mariosahmetllh123,124451578
drago.gx,58152057
?,111316830
goetzdam1,185283602
dotapc,92914917
?,135599605
1359843389,158173228
xsaulito2000x,147563118
hardvenz,138847348
cerwyddan,77870593
rrr0937251766,161383225
zarmina.sarpas,60760816
?,253006481
imank_metal,72842694
?,290367158
chile_vr,42223842
Kevin,144508237
Luna﹏。,17649444
jickersmcfame12,214388411
janjan09220,141161011
ansient,54916182
Дитё,168041218
coralmarylove,155881626
geir.standahl,23663429
The*SoulKeeper*,201176964
dendi,179481154
1978437674,246753573
muruihan,115396529
?,255957600
?,276118496
idontcarejacee,43804972
spgjna,216115170
weaver00,182579698
Ymurd,242412972
manuelxd347,215008934
jerocaba,161220142
mysior_1000,81079291
joachim59,20200395
iomer,32498610
?,292731142
THINK,43321203
peezandrice,221952355
?,4834220
Guilherme 'Guerra' Teixeira,189623540
ernestocortina7,54704882
hulnaashi,208071792
419526584,65229865
mathiaskorthus,53079481
taricaya_15,146809006
FOUR,208226134
1561267687,240524467
⌂▼▲ΣMP!RΣ▲▼⌂,183103599
tanchinhuat68,181064527
miss.epishkina,65958466
jeonghan77,77905942
yosuamaulana1,181321171
rei16669,172348107
mav,215748805
?,129520075
?,276055488
otaku.gamers,230952269
?,248255491
jandenizejamito,165216297
1219215618,234292025
ncmeat10,226923581
afortes79,134590374
[x23] xFuSiONzZx,43908860
itaishiiiiiii090528,203238341
ninjaagar.io,228343275
renatochirinos10,198249024
?,282061856
goonowhale,33250362
?,248518501
?,308692673
?,105796956
WTF,186055359
S.S.,87821312
maikelantoni_13,85714521
88646806,170375966
OPPA ILIT,130950166
xinya632908,194545521
mesmill,109458201
hengza_00906sa,23718710
?,126602285
?,252696188
Progamer23,95440541
lkurganskaya,49767455
?,304222866
yagromovv3v4vb41,227940830
?,303269114
10-17-99,238411403
冰王之王2019,97238489
Oddie,58117481
roegho,61676491
fuziak,223991842
carlitoantemano,166753156
?,135879753
nonuuzmymwpk_2542,101369449
Darsckor,176033341
thanke_you,103363050
FiltiMan,171512034
?,267438860
simon.kolling,68224834
?,110928152
APRILINA02,155613860
petrpecko7,157469247
KiZe_DoWa,80119032
?,128831281
mygg121,176743370
?,122803519
1441,187498422
LetaleDosis,34177747
iAmTimon,138929901
iebm2016,170760116
?,293570114
?,124712421
thewilli,110879737
hellcasecz,187678142
huoniao8711,175033323
Pascoal,58192081
Destiny,175945017
strongjohn,44866715
?,6394150
thescotts48001,176750719
pablonikitakloth,86686260
gykk_ut,57088976
25845143,23883383
975744995,184794116
397404693,239794225
#@PA@#,232207754
Ice 氷,47519224
lamer_pene,235194002
standing_angelo1,141677474
Ertiki03,225269666
soglasen21,161816929
?,304848876
denis-torment,198893163
?,111343998
xtsmith34x,49350285
安澜潮生,236950689
^3OMG^1WTF^0BBQ,31727716
?,285926554
mr.Freeman,142001340
anujto4ka,60217594
?,291447290
e.m.sperl,51044834
EMIL,14165501
Kitero115,169414467
89046929314,148976064
senior.mawrikij,113045977
maqswde112233,196223620
Megatron,197090954
搞死搞残,85643975
285772946,242013874
?,126158311
735294469,71687719
YouSkill;),157414627
1118,242781058
?,303525289
?,282307340
art_vincent_andrew,50246981
695585469,88296152
?,264929688
rosivaldo_n_c,76190673
dan.morais.bat,230633575
?,127706455
Darkar,117129725
catfishguy333,42005897
Ryia_,93454114
Pundas Kat,187283749
烦人,201990605
Sovereign,29122428
lazoglu_6161,87879009
?,283853460
luca_toni715,42099265
?,300534109
Einsiedel,4064412
igneel [FT],183382406
742652155,242242432
Mr. Grimm,91800733
RE`CoVEl2,93812486
diamond,191480137
?,293691139
?,293269191
DigBick,227777777
Maksssyeba,145844862
dileroandrey,205634951
warwickshane,216040174
fpatel555,172318605
-/,106760673
?,62539628
?,251928689
bLaCk.,149438233
?,293843600
xoroshavin1987,180955576
HOMER,87162199
perisram,167874227
?,286095646
ilhamyuma731,198417932
evandion222,234838943
komandir777,79407831
九岁是朵花,156312176
markjimgo,81139130
joa559z2g70,167017825
?,3974133
ali.ajour,213406926
?,259791209
gofor,78799565
antiem.dw,159995376
?,309824202
nicanortettamanti,138412880
756916950,228170321
lucasperdigon,36154073
h0cE>,210744685
▒▒▒▒▒▒,183300822
nooooooooooooood,229791471
?,262861632
Hades051,242896221
andysetya724,170473291
latellaengineering,162999869
?,298913000
adrian.hegrenes,80419227
东风不与周郎便,104055167
youkgeekeur,212374494
n5040h66j9,170527593
vianna.wilson,178893007
Daelin Proudmoore,159365538
?,135540095
40pdwnkx,201743677
?,132118265
۩۞۩ TKY ۩۞۩,109201849
?,123245831
1532213,237468202
[Angel OF death] Dark Angel,214077903
?,259268105
angelito,96771844
brandonvbuii,196119233
Anti Christ,149291366
?,273544140
?,1950243
蓝胖子,244878837
SPARTAN_117,110095045
?,294281624
2384143580,229095219
Martin_Borman...,62985928
ayyubali86,182220992
?,266888336
?,278567826
Lucy,142183287
Gummibaum843,43913966
ZZ_GAMER3,209127185
广州萝岗区美女约炮门,153164320
?,259330363
郑~,121280370
ank_chiya,149122593
?,286545176
?,255467165
污萌少女°,213023790
WxLoveYYw0711,219466905
笨笨笨笨笨熊,69132252
?,306592834
Gold Knight,143734410
That*Was*Totally*Awesome**,141414004
DNA,47409520
avigel2,106802395
nnasevich96,131730206
cevarabre,126098408
markov_egor03,163137081
?,127813787
anneclaire.koch,120725727
kristapittman,151397156
DevilsRightHand93,198105109
shadowbabsy,118894547
?,283975164
?,117531196
Lide,49110638
solovevseo,190788774
Poging Marino is <3,193129684
丹阳后巷哪里找鸡婆约,108755905
YT : DerKiing87,202340310
?,23780966
limbas21,144737312
omega1964,171874166
otakuian,87071236
jesusrozas_26,178915960
Farry Corsten,62317148
jmpamintuan14,204459221
alexis-2a,37708732
联供同,103620349
**Bpis...KI NG KY LE**,216921535
kolja.petric,156407138
?,293360401
HIRO [DK],140065934
?,1364546
KING,181608676
cathrin.wellmann,192277804
mattnolan18,83813208
kahcan-kan3214,86150792
1316859763,130290346
397197990,214736709
hugocosta700,101487265
Siegen,73507733
1614319060,76319436
kamasytra56,58977564
小马宝莉至尊,205546094
Amritap Banerjee,182399789
volkansendil,156458299
max.fairon,64787956
Toby Ward,41883229
islam.uchiha,139854220
tkad9521,131973876
susi.kira,163861892
ghostvit,33033120
zubik_bolit (,230382937
noval_hikari,187374370
?,302345333
totoveve01,214051309
FABIEN1977(fr),26218938
?,303322239
?,299060755
N,180743752
peedzilla42,188241866
?,106057222
liutonghanchao,178883999
Pukano de Bombino,170267441
?,277003854
?,288094442
DOSHTOEN,212310741
grandtheft74,44482198
ssleo,89286594
?,299364834
Arcade-,192264666
?,112088340
zeilstar30,200175559
ACE csgoroll.com,214107899
rafik16.75,138570935
gubraz9,159960477
aff.wfawf,178007464
yar4ik250209,194680258
19Kasperp97,75034989
?,248878320
tylersbb119,29383643
嘀哩嘀哩,195171884
?,128478373
quentinjego,37179655
karinajaeger12201966,135177440
GodBlack,139396034
?,300089223
Us@H@Y,90650405
raaging_randy,55623839
Powershot,136913396
thanke_you,110150300
Truth,60594845
CraigFiness3,141566602
?,12070928
ScreaM,205827348
?,299833904
?,291846968
252375470,74565055
Suykron,80022321
?,109271976
563753111,242469861
koshelevstas,58029555
jorge.carreras48,91881892
tic-tac_3813,49845280
?,298644485
Mango,58667850
riastulsigeo,234559223
404505505,111456195
statystyk,113423671
ClockworkSun,181840406
game mamamamaa,79411077
d.gafaroff2018,208127048
Morter,167202599
Fellinka,191507469
✪ 17,77136810
?,249232725
caubrey1,32467994
?,259053705
Pussy_Breaker_2,138656604
?,271808456
Yeah Nooooooob?,246303844
?,299914260
690820900,121360145
boogiepreben123,203745259
alysia.freegard,206398775
mark2416,159129006
suchui301jijia,238773402
dont see my recent..,164271888
ssobolak383,83751255
?,278099058
Zergash,30527047
amannsa,163662283
asdfadfad,172086978
瘾,96977722
luther.d.kim,184812615
www.546054877.com,207234237
verymybadlife,241603501
Duko,144565105
?,118725402
danabias30,160640171
LIANG,156799348
?,4485779
?,291452278
e9,10267553
?,295708462
?,304497842
jvr4zi7pn,168925642
忙斯特凯尔,93575977
我还能吃下一条鲫块儿,68316900
sergiu.beregoi,105289933
北京建筑工程学院小姐,153026960
racer_frog,27417971
3073241577,102825821
pelegrino172,218680215
?,285380840
niilo88,71943253
vi1l1y7g88,167106826
proctor8013,142475478
lulangsilumatu,154281477
www.2374347637,239299518
seizpeyton,86915561
kk13889620741,150882304
?,277679482
voloxov06,202616779
lilouch01,160264413
edujhoan_24,98312003
oentify,141693292
claire.a.cerda,161444156
1282694271,239791382
Dennis,54194546
TheFlyingDutchman,148860618
alascaas,200491490
?,276137458
danoskomutan,199899325
Jtl,160427210
2602081568,242815838
?,248472567
6456414,167360036
Anuta,140672677
✅Free Coins:CODE: SAY-23657✅,204888877
?,283498338
蛤,208491021
?,299776839
cristiancerda_elrey,54739142
?,299489226
gbs_96,196237754
^8[^3F^1U^8]^7|^2PyroManiac,30988672
1524108724,149053502
?,297517705
timbo358,128964236
?,279734186
?,302553338
laughingitup,204495708
gondocs11,180534642
?,260320188
rddskhynqsee66,237554603
xuziye00,196862501
v4c_p0rn1115543,207270682
sdasd,147602462
502095080,76171050
zlewarz,200471514
1344746971,221083006
a.m.a.varos,58439284
Piotr08062001Borowiec,206696458
?,137508279
furkan.tarhan2016,169277417
?,309038666
umutkaya*****,186597710
?,73141776
vietnguyen2411,90362252
nath_cope,52907921
jrnelson1983,178269176
omarzking123,171932001
北美ACT考前答案,152082114
kateiannelli,164699741
Vladucu,158211774
DateN ★,201081230
Ghost_Killer_1782,146813551
jeffersonventura27,103574570
kulangsa_kaun,101315169
mustapha19941,179001580
alan81724,56790646
?,299440710
?,266829332
1437560571,58768356
iphone23144,240477898
?,251706843
?,130324181
?,1851828
rmfa_swart,12610800
Cave Carson Skinhub.com,231029951
✪ nikQistina,136778642
jorhe_bg,30036927
tonyrovan,172666220
Yoon Lay,186305384
andy.seah79,181118785
nokia19940628,83420834
yakunkin2012,106170243
juaghsasjahs123,187588985
frostty,64394438
Z6mx5A9q88UO,225245513
dirakli,15902605
847666147,231808839
Swordmaster,21138994
tangina,160550083
fmolmu8b,104032602
Danken,158655873
402043656,242782489
?,260048725
binkyboy,73012771
?,271030096
kolia-zhonnyk,97017439
desai,179014686
?,126471719
小狼,245767059
myldz7862374,169061944
?,249269233
reddevil.mg,11973378
tinhla_the600,99992274
?,291293152
esavigny56,75277726
807171722,118664413
mhineko16,186139058
lubdima.2003,178290786
eros_5411051,184899103
Lightningbolt64,163043651
?,248532700
hurstler2016,166747492
jessharkertx,28696163
yam_ada,220489263
120358175,146999982
loisannhaight,78341587
?,108183518
yuriy2001,106235885
tuckedshrimps,39010350
supersoldierofchrist,87832209
?,115806772
jbelt88,18869916
?,10216256
?,259994621
d.jacquet346,65421540
Medic TB,5232588
mihaitta_mihaitta,37092665
atianka69,67628444
jojo.d6,195800610
seragali202,206210282
salliba,17299575
?,287668512
hairlock,193442134
flintrieme94,15680561
zxCC,101030173
mcpapacho,57798235
?,286468828
聪哥哥i,240704163
?,288449536
papertgr00+upto22good2304,138483324
www.91gan.com,139769742
?,253389413
993744152,215833301
?,260132853
Hi , I'm gosu !!!,217917011
yzh199477,77792512
?,285282740
1721077321,147859903
☆F0r3sT | Famous Killer☆,210860489
Noob,95761491
christian_nielsen97,47506504
nils-hennings,154527422
237469652,204829406
kral.h,190961031
813305403,170384573
630101736,90541290
jonnaberghem,82174211
Johnny·Ze,162179898
-Gonzaga-,192436140
2818976584,238466173
?,298222970
?,303300985
Na'Vi Dendi,207406826
Southend大奶妹,85547059
?,260686668
netemerev,96014467
plopkoek,38055594
cledierstsur,215160630
MrSisterFister,218952383
不幸的上条当麻先生,224943279
spayla,229179750
Gumball,68049243
Luis.m.porras.g,115275499
facu_7,168377116
fingercrackg,181297952
princejeevhan,216189719
italoguilhermecorreia,159777976
?,4325465
Kim Jong Keels,41934963
?,257603009
harryharrymarch,48028873
?,291907288
ReeY),51905751
DyadaVasya,57433226
532173762,161978121
{L}ight,95203343
1820787266,222319850
zobkgnd4swxu,217368291
wan,193494703
?,303024195
dmsergey,202598205
luckysoni15,161248480
Ветров,215508170
?,131940023
?,297279953
?,252507011
papa151071,189371538
ddawdadbdhwb,172437595
Guinood,95911580
像我这样蠢的还有4个,130021142
J.,175270022
?,126074325
18970663211,239235805
